"","ta","math_grade","spanish_grade","better_at_math"
"1","Phuong Vu",2.95542194921263,3.73501692856283,0
"2","4",4,4,4
"3","4",4,4,4
"4","4",4,4,4
"5","Coco Li",3.78804939398908,3.83156983375592,0
"6","George Zhang",3.39554825597343,3.4000541848104,0
"7","Saurav Sawansukha",4.28410667833843,3.85051750007093,1
"8","YuYu Madigan",3.2104882644079,4.16271126764302,0
